{
  "test_R2": 0.8330281015082895,
  "test_RMSE": 0.21773189007048935,
  "test_MAE": 0.15375412610268033,
  "train_R2": 0.8651789597559477,
  "train_RMSE": 0.19262162544748004,
  "train_MAE": 0.14830500040637296,
  "test_ci": {
    "R2": [
      0.8331732833720097,
      0.7041319571595885,
      0.903226359008131
    ],
    "RMSE": [
      0.2139050516599234,
      0.16659873924534835,
      0.28583964364128933
    ],
    "MAE": [
      0.1533973849035864,
      0.13344213243738254,
      0.17641616015802214
    ]
  },
  "train_ci": {
    "R2": [
      0.8647721711268275,
      0.836914106070608,
      0.8872886814854064
    ],
    "RMSE": [
      0.19246358147340667,
      0.17615040963316222,
      0.21143425907329913
    ],
    "MAE": [
      0.14833166921804325,
      0.13729685897982588,
      0.16045586952411067
    ]
  },
  "equation": "y = -0.6631 + -2.887 * length + 1.101 * a_M1_dz2 + 0.759 * a_M3_dxz + -0.936 * a_M2_s + -0.361 * c_Rs_dz2 + 1.345 * num"
}