{
  "test_Accuracy": 0.9617486338797814,
  "test_F1": 0.9582487028789093,
  "test_Precision": 0.9652705627705628,
  "test_Recall": 0.9535121741004094,
  "test_AUC": 0.9878423490097505,
  "train_Accuracy": 0.960093896713615,
  "train_F1": 0.9618443829196759,
  "train_Precision": 0.9664890135577372,
  "train_Recall": 0.9604454901466407,
  "CM": null,
  "classes": [
    0,
    1,
    2,
    3,
    4,
    5,
    6
  ]
}