{
  "test_R2": 0.951711036118316,
  "test_RMSE": 0.11709120987768822,
  "test_MAE": 0.09529963607126284,
  "train_R2": 0.9586160008129021,
  "train_RMSE": 0.10671916902626338,
  "train_MAE": 0.07994585021840944,
  "test_ci": {
    "R2": [
      0.9512905452751571,
      0.9384269849094514,
      0.9619889149205154
    ],
    "RMSE": [
      0.11684578033480782,
      0.10554926972585146,
      0.12827257148916002
    ],
    "MAE": [
      0.09515565984950251,
      0.08596464728322042,
      0.10539793074638629
    ]
  },
  "train_ci": {
    "R2": [
      0.9585814972818423,
      0.9467175110077701,
      0.9673225669302474
    ],
    "RMSE": [
      0.1064053648460816,
      0.09542424948632311,
      0.11961791501680928
    ],
    "MAE": [
      0.07990696607257386,
      0.07347973455002105,
      0.08681469983459453
    ]
  }
}